target,train_size,train_rmse_mean,train_rmse_std,val_rmse_mean,val_rmse_std,generalization_gap
L*,6,1.914196917470679,0.405990595103651,6.019624959122521,2.5646028663737472,4.105428041651843
L*,11,1.7462781386335726,0.22512172722003843,4.043622077438544,1.1260147912973575,2.2973439388049712
L*,16,1.604752114123078,0.1672758691209824,3.5434867036298527,1.2098254312181134,1.9387345895067747
L*,21,1.5001232809911773,0.07602027832102347,3.566874311111232,0.6846060670792952,2.066751030120055
L*,26,1.4887711276373956,0.09559129614604857,3.109122634849747,0.6757724234689332,1.6203515072123515
L*,31,1.4061677050721777,0.07832090077144914,3.1494277958274233,0.8564975409472582,1.7432600907552456
