target,train_size,train_rmse_mean,train_rmse_std,val_rmse_mean,val_rmse_std,generalization_gap
a*,6,1.5141239031323757,0.5143166077178154,4.934824582798075,1.7071579363899467,3.420700679665699
a*,11,2.2663172281990454,0.5528903568291874,6.190226427293174,2.5660583122761724,3.923909199094129
a*,16,2.789241944400517,0.21813499487109606,3.807165554080126,1.4217164941373788,1.0179236096796092
a*,21,3.1412549179865956,0.10383422557374618,3.580115928693413,1.0272289003302104,0.4388610107068174
a*,26,3.197729599581475,0.185080185797914,3.5508979191457732,0.9413215278891334,0.3531683195642983
a*,31,3.0717591412658627,0.16665320038667084,3.570502214777605,0.9612616154154165,0.4987430735117422
